,Title,Actors,Director,Genres,Rating,Running Time,Year,Certification,Writers
0,The Shawshank Redemption,"Tim Robbins, Morgan Freeman, Bob Gunton, William Sadler",Frank Darabont,"Crime, Drama",9.3,8520,1994,R,"Stephen King, Frank Darabont"
1,The Godfather,"Marlon Brando, Al Pacino, James Caan, Diane Keaton",Francis Ford Coppola,"Crime, Drama",9.2,10500,1972,R,"Mario Puzo, Francis Ford Coppola"
2,The Godfather: Part II,"Al Pacino, Robert De Niro, Robert Duvall, Diane Keaton",Francis Ford Coppola,"Crime, Drama",9.0,12120,1974,R,"Francis Ford Coppola, Mario Puzo"
3,The Dark Knight,"Christian Bale, Heath Ledger, Aaron Eckhart, Michael Caine",Christopher Nolan,"Action, Crime, Drama, Thriller",9.0,9120,2008,PG-13,"Jonathan Nolan, Christopher Nolan"
4,12 Angry Men,"Henry Fonda, Lee J. Cobb, Martin Balsam, John Fiedler",Sidney Lumet,"Crime, Drama",8.9,5760,1957,Not Rated,"Reginald Rose, Reginald Rose"
5,Schindler's List,"Liam Neeson, Ralph Fiennes, Ben Kingsley, Caroline Goodall",Steven Spielberg,"Biography, Drama, History",8.9,11700,1993,R,"Thomas Keneally, Steven Zaillian"
6,Pulp Fiction,"John Travolta, Uma Thurman, Samuel L. Jackson, Bruce Willis",Quentin Tarantino,"Crime, Drama",8.9,9240,1994,R,"Quentin Tarantino, Roger Avary"
7,The Lord of the Rings: The Return of the King,"Elijah Wood, Viggo Mortensen, Ian McKellen, Orlando Bloom",Peter Jackson,"Adventure, Drama, Fantasy",8.9,12060,2003,PG-13,"J.R.R. Tolkien, Fran Walsh"
8,"The Good, the Bad and the Ugly","Clint Eastwood, Eli Wallach, Lee Van Cleef, Aldo Giuffrè",Sergio Leone,Western,8.9,10680,1966,Approved,"Luciano Vincenzoni, Sergio Leone"
9,Fight Club,"Brad Pitt, Edward Norton, Meat Loaf, Zach Grenier",David Fincher,Drama,8.8,8340,1999,TV-MA,"Chuck Palahniuk, Jim Uhls"
10,The Lord of the Rings: The Fellowship of the Ring,"Elijah Wood, Ian McKellen, Orlando Bloom, Sean Bean",Peter Jackson,"Adventure, Drama, Fantasy",8.8,10680,2001,PG-13,"J.R.R. Tolkien, Fran Walsh"
11,Forrest Gump,"Tom Hanks, Robin Wright, Gary Sinise, Sally Field",Robert Zemeckis,"Drama, Romance",8.8,8520,1994,PG-13,"Winston Groom, Eric Roth"
12,Star Wars: Episode V - The Empire Strikes Back,"Mark Hamill, Harrison Ford, Carrie Fisher, Billy Dee Williams",Irvin Kershner,"Action, Adventure, Fantasy, Sci-Fi",8.8,7440,1980,PG,"Leigh Brackett, Lawrence Kasdan"
13,Inception,"Leonardo DiCaprio, Joseph Gordon-Levitt, Ellen Page, Ken Watanabe",Christopher Nolan,"Action, Adventure, Sci-Fi, Thriller",8.8,8880,2010,PG-13,Christopher Nolan
14,The Lord of the Rings: The Two Towers,"Elijah Wood, Ian McKellen, Viggo Mortensen, Orlando Bloom",Peter Jackson,"Adventure, Drama, Fantasy",8.7,10740,2002,PG-13,"J.R.R. Tolkien, Fran Walsh"
15,One Flew Over the Cuckoo's Nest,"Jack Nicholson, Louise Fletcher, Michael Berryman, Peter Brocco",Milos Forman,Drama,8.7,7980,1975,R,"Lawrence Hauben, Bo Goldman"
16,Goodfellas,"Robert De Niro, Ray Liotta, Joe Pesci, Lorraine Bracco",Martin Scorsese,"Biography, Crime, Drama",8.7,8760,1990,R,"Nicholas Pileggi, Nicholas Pileggi"
17,The Matrix,"Keanu Reeves, Laurence Fishburne, Carrie-Anne Moss, Hugo Weaving",Lana Wachowski,"Action, Sci-Fi",8.7,8160,1999,R,"Lilly Wachowski, Lana Wachowski"
18,Seven Samurai,"Toshirô Mifune, Takashi Shimura, Keiko Tsushima, Yukiko Shimazaki",Akira Kurosawa,"Adventure, Drama",8.7,9480,1954,Not Rated,"Akira Kurosawa, Shinobu Hashimoto"
19,Star Wars: Episode IV - A New Hope,"Mark Hamill, Harrison Ford, Carrie Fisher, Alec Guinness",George Lucas,"Action, Adventure, Fantasy, Sci-Fi",8.7,7260,1977,PG,George Lucas
20,City of God,"Alexandre Rodrigues, Matheus Nachtergaele, Leandro Firmino, Phellipe Haagensen",Fernando Meirelles,"Crime, Drama",8.7,7800,2002,R,"Paulo Lins, Bráulio Mantovani"
21,Se7en,"Morgan Freeman, Brad Pitt, Kevin Spacey, Andrew Kevin Walker",David Fincher,"Crime, Drama, Mystery, Thriller",8.6,7620,1995,R,Andrew Kevin Walker
22,The Silence of the Lambs,"Jodie Foster, Anthony Hopkins, Lawrence A. Bonney, Kasi Lemmons",Jonathan Demme,"Crime, Drama, Thriller",8.6,7080,1991,R,"Thomas Harris, Ted Tally"
23,It's a Wonderful Life,"James Stewart, Donna Reed, Lionel Barrymore, Thomas Mitchell",Frank Capra,"Drama, Family, Fantasy",8.6,7800,1946,Approved,"Frances Goodrich, Albert Hackett"
24,Life Is Beautiful,"Roberto Benigni, Nicoletta Braschi, Giorgio Cantarini, Giustino Durano",Roberto Benigni,"Comedy, Drama, War",8.6,6960,1997,PG-13,"Vincenzo Cerami, Roberto Benigni"
25,The Usual Suspects,"Kevin Spacey, Gabriel Byrne, Chazz Palminteri, Stephen Baldwin",Bryan Singer,"Crime, Drama, Mystery, Thriller",8.6,6360,1995,R,Christopher McQuarrie
26,Léon: The Professional,"Jean Reno, Gary Oldman, Natalie Portman, Danny Aiello",Luc Besson,"Crime, Drama, Thriller",8.6,6600,1994,R,Luc Besson
27,Saving Private Ryan,"Tom Hanks, Matt Damon, Tom Sizemore, Edward Burns",Steven Spielberg,"Drama, War",8.6,10140,1998,TV-MA,Robert Rodat
28,Spirited Away,"Daveigh Chase, Suzanne Pleshette, Miyu Irino, Rumi Hiiragi",Hayao Miyazaki,"Animation, Adventure, Family, Fantasy, Mystery",8.6,7500,2001,PG,Hayao Miyazaki
29,American History X,"Edward Norton, Edward Furlong, Beverly D'Angelo, Jennifer Lien",Tony Kaye,"Crime, Drama",8.5,6060,1998,TV-14,David McKenna
30,Once Upon a Time in the West,"Henry Fonda, Charles Bronson, Claudia Cardinale, Jason Robards",Sergio Leone,Western,8.6,8700,1968,PG-13,"Sergio Donati, Sergio Leone"
31,Interstellar,"Matthew McConaughey, Anne Hathaway, Jessica Chastain, Mackenzie Foy",Christopher Nolan,"Adventure, Drama, Sci-Fi",8.6,10140,2014,PG-13,"Jonathan Nolan, Christopher Nolan"
32,The Green Mile,"Tom Hanks, Michael Clarke Duncan, David Morse, Bonnie Hunt",Frank Darabont,"Crime, Drama, Fantasy, Mystery",8.5,11340,1999,R,"Stephen King, Frank Darabont"
33,Psycho,"Anthony Perkins, Janet Leigh, Vera Miles, John Gavin",Alfred Hitchcock,"Horror, Mystery, Thriller",8.5,6540,1960,TV-14,"Joseph Stefano, Robert Bloch"
34,Casablanca,"Humphrey Bogart, Ingrid Bergman, Paul Henreid, Claude Rains",Michael Curtiz,"Drama, Romance, War",8.5,6120,1942,TV-PG,"Julius J. Epstein, Philip G. Epstein"
35,City Lights,"Charles Chaplin, Virginia Cherrill, Florence Lee, Harry Myers",Charles Chaplin,"Comedy, Drama, Romance",8.6,5220,1931,Passed,Charles Chaplin
36,The Intouchables,"François Cluzet, Omar Sy, Anne Le Ny, Audrey Fleurot",Olivier Nakache,"Biography, Comedy, Drama",8.6,6720,2011,R,"Olivier Nakache, Eric Toledano"
37,Modern Times,"Charles Chaplin, Paulette Goddard, Henry Bergman, Tiny Sandford",Charles Chaplin,"Comedy, Drama, Family, Romance",8.5,5220,1936,Passed,Charles Chaplin
38,Raiders of the Lost Ark,"Harrison Ford, Karen Allen, Paul Freeman, John Rhys-Davies",Steven Spielberg,"Action, Adventure",8.5,6900,1981,PG,"Lawrence Kasdan, George Lucas"
39,The Pianist,"Adrien Brody, Thomas Kretschmann, Frank Finlay, Emilia Fox",Roman Polanski,"Biography, Drama, Music, War",8.5,9000,2002,R,"Ronald Harwood, Wladyslaw Szpilman"
40,The Departed,"Leonardo DiCaprio, Matt Damon, Jack Nicholson, Mark Wahlberg",Martin Scorsese,"Crime, Drama, Thriller",8.5,9060,2006,R,"William Monahan, Alan Mak"
41,Rear Window,"James Stewart, Grace Kelly, Wendell Corey, Thelma Ritter",Alfred Hitchcock,"Mystery, Thriller",8.5,6720,1954,TV-G,"John Michael Hayes, Cornell Woolrich"
42,Terminator 2,"Arnold Schwarzenegger, Linda Hamilton, Edward Furlong, Robert Patrick",James Cameron,"Action, Sci-Fi, Thriller",8.5,8220,1991,TV-14,"James Cameron, William Wisher"
43,Back to the Future,"Michael J. Fox, Christopher Lloyd, Lea Thompson, Crispin Glover",Robert Zemeckis,"Adventure, Comedy, Sci-Fi",8.5,6960,1985,PG,"Robert Zemeckis, Bob Gale"
44,Whiplash,"Miles Teller, J.K. Simmons, Melissa Benoist, Paul Reiser",Damien Chazelle,"Drama, Music",8.5,6420,2014,R,Damien Chazelle
45,Gladiator,"Russell Crowe, Joaquin Phoenix, Connie Nielsen, Oliver Reed",Ridley Scott,"Action, Adventure, Drama",8.5,9300,2000,R,"David Franzoni, David Franzoni"
46,The Prestige,"Christian Bale, Hugh Jackman, Scarlett Johansson, Michael Caine",Christopher Nolan,"Drama, Mystery, Sci-Fi, Thriller",8.5,7800,2006,PG-13,"Jonathan Nolan, Christopher Nolan"
47,The Lion King,"Matthew Broderick, Jeremy Irons, James Earl Jones, Whoopi Goldberg",Roger Allers,"Animation, Adventure, Drama, Family, Musical",8.5,5280,1994,G,"Irene Mecchi, Jonathan Roberts"
48,Memento,"Guy Pearce, Carrie-Anne Moss, Joe Pantoliano, Mark Boone Junior",Christopher Nolan,"Mystery, Thriller",8.5,6780,2000,R,"Christopher Nolan, Jonathan Nolan"
49,Apocalypse Now,"Martin Sheen, Marlon Brando, Robert Duvall, Frederic Forrest",Francis Ford Coppola,"Drama, War",8.5,8820,1979,R,"John Milius, Francis Ford Coppola"
50,Alien,"Sigourney Weaver, Tom Skerritt, John Hurt, Veronica Cartwright",Ridley Scott,"Horror, Sci-Fi",8.5,7020,1979,TV-14,"Dan O'Bannon, Ronald Shusett"
51,The Great Dictator,"Charles Chaplin, Paulette Goddard, Jack Oakie, Reginald Gardiner",Charles Chaplin,"Comedy, Drama, War",8.5,7500,1940,TV-PG,Charles Chaplin
52,Sunset Blvd.,"William Holden, Gloria Swanson, Erich von Stroheim, Nancy Olson",Billy Wilder,"Drama, Film-Noir",8.5,6600,1950,Not Rated,"Charles Brackett, Billy Wilder"
53,Dr. Strangelove or: How I Learned to Stop Worrying and Love the Bomb,"Peter Sellers, George C. Scott, Sterling Hayden, Keenan Wynn",Stanley Kubrick,"Comedy, War",8.5,5700,1964,Approved,"Stanley Kubrick, Terry Southern"
54,Cinema Paradiso,"Philippe Noiret, Enzo Cannavale, Antonella Attili, Isa Danieli",Giuseppe Tornatore,Drama,8.5,9300,1988,PG,"Giuseppe Tornatore, Giuseppe Tornatore"
55,The Lives of Others,"Ulrich Mühe, Martina Gedeck, Sebastian Koch, Ulrich Tukur",Florian Henckel von Donnersmarck,"Drama, Thriller",8.5,8220,2006,R,Florian Henckel von Donnersmarck
56,Grave of the Fireflies,"Tsutomu Tatsumi, Ayano Shiraishi, Akemi Yamaguchi, Yoshiko Shinohara",Isao Takahata,"Animation, Drama, War",8.5,5340,1988,Not Rated,"Akiyuki Nosaka, Isao Takahata"
57,Paths of Glory,"Kirk Douglas, Ralph Meeker, Adolphe Menjou, George Macready",Stanley Kubrick,"Drama, War",8.4,5280,1957,Not Rated,"Stanley Kubrick, Calder Willingham"
58,Django Unchained,"Jamie Foxx, Christoph Waltz, Leonardo DiCaprio, Kerry Washington",Quentin Tarantino,"Drama, Western",8.4,9900,2012,R,Quentin Tarantino
59,The Shining,"Jack Nicholson, Shelley Duvall, Danny Lloyd, Scatman Crothers",Stanley Kubrick,"Drama, Horror",8.4,8520,1980,R,"Stephen King, Stanley Kubrick"
60,Blade Runner 2049,"Harrison Ford, Ryan Gosling, Ana de Armas, Dave Bautista",Denis Villeneuve,"Mystery, Sci-Fi, Thriller",8.5,9840,2017,R,"Hampton Fancher, Michael Green"
61,WALL·E,"Ben Burtt, Elissa Knight, Jeff Garlin, Fred Willard",Andrew Stanton,"Animation, Adventure, Family, Sci-Fi",8.4,5880,2008,G,"Andrew Stanton, Pete Docter"
62,American Beauty,"Kevin Spacey, Annette Bening, Thora Birch, Wes Bentley",Sam Mendes,"Drama, Romance",8.4,7320,1999,R,Alan Ball
63,The Dark Knight Rises,"Christian Bale, Tom Hardy, Anne Hathaway, Gary Oldman",Christopher Nolan,"Action, Thriller",8.4,9840,2012,PG-13,"Jonathan Nolan, Christopher Nolan"
64,Princess Mononoke,"Yôji Matsuda, Yuriko Ishida, Yûko Tanaka, Billy Crudup",Hayao Miyazaki,"Animation, Adventure, Fantasy",8.4,8040,1997,TV-14,"Hayao Miyazaki, Neil Gaiman"
65,Oldboy,"Min-sik Choi, Ji-tae Yu, Hye-jeong Kang, Dae-han Ji",Chan-wook Park,"Action, Drama, Mystery, Thriller",8.4,7200,2003,R,"Garon Tsuchiya, Nobuaki Minegishi"
66,Aliens,"Sigourney Weaver, Michael Biehn, Carrie Henn, Paul Reiser",James Cameron,"Action, Adventure, Sci-Fi, Thriller",8.4,9240,1986,R,"James Cameron, David Giler"
67,Witness for the Prosecution,"Tyrone Power, Marlene Dietrich, Charles Laughton, Elsa Lanchester",Billy Wilder,"Crime, Drama, Mystery, Thriller",8.4,6960,1957,Not Rated,"Agatha Christie, Billy Wilder"
68,Once Upon a Time in America,"Robert De Niro, James Woods, Elizabeth McGovern, Joe Pesci",Sergio Leone,"Crime, Drama",8.4,8340,1984,R,"Harry Grey, Leonardo Benvenuti"
69,Das Boot,"Jürgen Prochnow, Herbert Grönemeyer, Klaus Wennemann, Hubertus Bengsch",Wolfgang Petersen,"Adventure, Drama, Thriller, War",8.4,14340,1981,R,"Wolfgang Petersen, Lothar G. Buchheim"
70,Dangal,"Aamir Khan, Sakshi Tanwar, Fatima Sana Shaikh, Sanya Malhotra",Nitesh Tiwari,"Action, Biography, Drama, Sport",8.6,9660,2016,Unrated,"Nitesh Tiwari, Piyush Gupta"
71,Citizen Kane,"Orson Welles, Joseph Cotten, Dorothy Comingore, Agnes Moorehead",Orson Welles,"Drama, Mystery",8.4,7140,1941,Approved,"Herman J. Mankiewicz, Orson Welles"
72,Vertigo,"James Stewart, Kim Novak, Barbara Bel Geddes, Tom Helmore",Alfred Hitchcock,"Mystery, Romance, Thriller",8.4,7740,1958,Approved,"Alec Coppel, Samuel A. Taylor"
73,North by Northwest,"Cary Grant, Eva Marie Saint, James Mason, Jessie Royce Landis",Alfred Hitchcock,"Action, Adventure, Mystery, Thriller",8.4,8160,1959,Not Rated,Ernest Lehman
74,Star Wars: Episode VI - Return of the Jedi,"Mark Hamill, Harrison Ford, Carrie Fisher, Billy Dee Williams",Richard Marquand,"Action, Adventure, Fantasy, Sci-Fi",8.4,7860,1983,PG,"Lawrence Kasdan, George Lucas"
75,Braveheart,"Mel Gibson, Sophie Marceau, Patrick McGoohan, Angus Macfadyen",Mel Gibson,"Biography, Drama, History, War",8.4,10680,1995,R,Randall Wallace
76,Reservoir Dogs,"Harvey Keitel, Tim Roth, Michael Madsen, Chris Penn",Quentin Tarantino,"Crime, Drama, Thriller",8.3,5940,1992,TV-MA,"Quentin Tarantino, Roger Avary"
77,M,"Peter Lorre, Ellen Widmann, Inge Landgut, Otto Wernicke",Fritz Lang,"Crime, Drama, Mystery, Thriller",8.4,5940,1931,Not Rated,"Thea von Harbou, Fritz Lang"
78,Requiem for a Dream,"Ellen Burstyn, Jared Leto, Jennifer Connelly, Marlon Wayans",Darren Aronofsky,Drama,8.3,6120,2000,Unrated,"Hubert Selby Jr., Hubert Selby Jr."
79,Amélie,"Audrey Tautou, Mathieu Kassovitz, Rufus, Lorella Cravotta",Jean-Pierre Jeunet,"Comedy, Romance",8.4,7320,2001,R,"Guillaume Laurant, Jean-Pierre Jeunet"
80,Like Stars on Earth,"Darsheel Safary, Aamir Khan, Tanay Chheda, Sachet Engineer",Aamir Khan,"Drama, Family",8.5,9900,2007,PG,"Amole Gupte, Amole Gupte"
81,A Clockwork Orange,"Malcolm McDowell, Patrick Magee, Michael Bates, Warren Clarke",Stanley Kubrick,"Crime, Drama, Sci-Fi",8.3,8160,1971,R,"Stanley Kubrick, Anthony Burgess"
82,Your Name,"Ryûnosuke Kamiki, Mone Kamishiraishi, Ryô Narita, Aoi Yûki",Makoto Shinkai,"Animation, Drama, Fantasy, Romance",8.5,6720,2016,PG,"Makoto Shinkai, Makoto Shinkai"
83,Lawrence of Arabia,"Peter O'Toole, Alec Guinness, Anthony Quinn, Jack Hawkins",David Lean,"Adventure, Biography, Drama, History, War",8.3,13620,1962,TV-14,"T.E. Lawrence, Robert Bolt"
84,Double Indemnity,"Fred MacMurray, Barbara Stanwyck, Edward G. Robinson, Byron Barr",Billy Wilder,"Crime, Drama, Film-Noir, Mystery, Thriller",8.3,6420,1944,Passed,"Billy Wilder, Raymond Chandler"
85,Amadeus,"F. Murray Abraham, Tom Hulce, Elizabeth Berridge, Roy Dotrice",Milos Forman,"Biography, Drama, History, Music",8.3,9600,1984,PG,"Peter Shaffer, Peter Shaffer"
86,Eternal Sunshine of the Spotless Mind,"Jim Carrey, Kate Winslet, Tom Wilkinson, Gerry Robert Byrne",Michel Gondry,"Drama, Romance, Sci-Fi",8.3,6480,2004,R,"Charlie Kaufman, Michel Gondry"
87,Taxi Driver,"Robert De Niro, Jodie Foster, Cybill Shepherd, Albert Brooks",Martin Scorsese,"Crime, Drama",8.3,6780,1976,R,Paul Schrader
88,To Kill a Mockingbird,"Gregory Peck, John Megna, Frank Overton, Rosemary Murphy",Robert Mulligan,"Crime, Drama",8.3,7740,1962,Not Rated,"Harper Lee, Horton Foote"
89,Full Metal Jacket,"Matthew Modine, R. Lee Ermey, Vincent D'Onofrio, Adam Baldwin",Stanley Kubrick,"Drama, War",8.3,6960,1987,R,"Gustav Hasford, Stanley Kubrick"
90,2001: A Space Odyssey,"Keir Dullea, Gary Lockwood, William Sylvester, Daniel Richter",Stanley Kubrick,"Adventure, Sci-Fi",8.3,8940,1968,G,"Stanley Kubrick, Arthur C. Clarke"
91,Singin' in the Rain,"Gene Kelly, Donald O'Connor, Debbie Reynolds, Jean Hagen",Stanley Donen,"Comedy, Musical, Romance",8.3,6180,1952,Passed,"Betty Comden, Adolph Green"
92,Dunkirk,"Fionn Whitehead, Barry Keoghan, Mark Rylance, Tom Hardy",Christopher Nolan,"Action, Drama, History, Thriller, War",8.3,6360,2017,PG-13,Christopher Nolan
93,Toy Story,"Tom Hanks, Tim Allen, Don Rickles, Jim Varney",John Lasseter,"Animation, Adventure, Comedy, Family, Fantasy",8.3,4860,1995,TV-G,"John Lasseter, Pete Docter"
94,Toy Story 3,"Tom Hanks, Tim Allen, Joan Cusack, Ned Beatty",Lee Unkrich,"Animation, Adventure, Comedy, Family, Fantasy",8.3,6180,2010,G,"John Lasseter, Andrew Stanton"
95,The Sting,"Paul Newman, Robert Redford, Robert Shaw, Charles Durning",George Roy Hill,"Comedy, Crime, Drama",8.3,7740,1973,PG,David S. Ward
96,3 Idiots,"Aamir Khan, Madhavan, Mona Singh, Sharman Joshi",Rajkumar Hirani,"Comedy, Drama",8.4,10200,2009,PG-13,"Rajkumar Hirani, Abhijat Joshi"
97,Inglourious Basterds,"Brad Pitt, Diane Kruger, Eli Roth, Mélanie Laurent",Quentin Tarantino,"Adventure, Drama, War",8.3,9180,2009,R,Quentin Tarantino
98,Bicycle Thieves,"Lamberto Maggiorani, Enzo Staiola, Lianella Carell, Elena Altieri",Vittorio De Sica,Drama,8.3,5340,1948,Not Rated,"Cesare Zavattini, Luigi Bartolini"
99,The Kid,"Charles Chaplin, Edna Purviance, Jackie Coogan, Carl Miller",Charles Chaplin,"Comedy, Drama, Family",8.3,4080,1921,Not Rated,Charles Chaplin
100,Snatch,"Jason Statham, Brad Pitt, Benicio Del Toro, Dennis Farina",Guy Ritchie,"Comedy, Crime",8.3,6120,2000,R,Guy Ritchie
101,Monty Python and the Holy Grail,"Graham Chapman, John Cleese, Eric Idle, Terry Gilliam",Terry Gilliam,"Adventure, Comedy, Fantasy",8.3,5460,1975,PG,"Graham Chapman, John Cleese"
102,Good Will Hunting,"Robin Williams, Matt Damon, Ben Affleck, Stellan Skarsgård",Gus Van Sant,Drama,8.3,7560,1997,R,"Matt Damon, Ben Affleck"
103,The Hunt,"Mads Mikkelsen, Thomas Bo Larsen, Annika Wedderkopp, Lasse Fogelstrøm",Thomas Vinterberg,Drama,8.3,6900,2012,R,"Tobias Lindholm, Thomas Vinterberg"
104,For a Few Dollars More,"Clint Eastwood, Lee Van Cleef, Gian Maria Volontè, Mario Brega",Sergio Leone,Western,8.3,7920,1965,R,"Sergio Leone, Fulvio Morsella"
105,L.A. Confidential,"Kevin Spacey, Russell Crowe, Guy Pearce, Kim Basinger",Curtis Hanson,"Crime, Drama, Mystery, Thriller",8.3,8280,1997,TV-MA,"James Ellroy, Brian Helgeland"
106,Scarface,"Al Pacino, Michelle Pfeiffer, Steven Bauer, Mary Elizabeth Mastrantonio",Brian De Palma,"Crime, Drama",8.3,10200,1983,TV-14,Oliver Stone
107,The Apartment,"Jack Lemmon, Shirley MacLaine, Fred MacMurray, Ray Walston",Billy Wilder,"Comedy, Drama, Romance",8.3,7500,1960,Not Rated,"Billy Wilder, I.A.L. Diamond"
108,Metropolis,"Brigitte Helm, Alfred Abel, Gustav Fröhlich, Rudolf Klein-Rogge",Fritz Lang,"Drama, Sci-Fi",8.3,6840,1927,Not Rated,"Thea von Harbou, Thea von Harbou"
109,A Separation,"Payman Maadi, Leila Hatami, Sareh Bayat, Shahab Hosseini",Asghar Farhadi,"Drama, Mystery",8.4,7380,2011,PG-13,Asghar Farhadi
110,Rashomon,"Toshirô Mifune, Machiko Kyô, Masayuki Mori, Takashi Shimura",Akira Kurosawa,"Crime, Drama, Mystery",8.3,5280,1950,Not Rated,"Ryûnosuke Akutagawa, Akira Kurosawa"
111,Indiana Jones and the Last Crusade,"Harrison Ford, Sean Connery, Alison Doody, Denholm Elliott",Steven Spielberg,"Action, Adventure, Fantasy",8.3,7620,1989,E,"Jeffrey Boam, George Lucas"
112,All About Eve,"Bette Davis, Anne Baxter, George Sanders, Celeste Holm",Joseph L. Mankiewicz,Drama,8.3,8280,1950,Not Rated,Joseph L. Mankiewicz
113,Yojimbo,"Toshirô Mifune, Eijirô Tôno, Tatsuya Nakadai, Yôko Tsukasa",Akira Kurosawa,"Action, Drama, Thriller",8.3,6600,1961,Not Rated,"Akira Kurosawa, Akira Kurosawa"
114,My Father and My Son,"Resit Kurt, Fikret Kuskan, Çetin Tekindor, Furkan Turan",Çagan Irmak,Drama,8.5,6480,2005,6,Çagan Irmak
115,Up,"Edward Asner, Jordan Nagai, John Ratzenberger, Christopher Plummer",Pete Docter,"Animation, Adventure, Comedy, Family",8.3,5760,2009,PG,"Pete Docter, Bob Peterson"
116,Batman Begins,"Christian Bale, Michael Caine, Ken Watanabe, Liam Neeson",Christopher Nolan,"Action, Adventure, Thriller",8.3,9120,2005,PG-13,"Bob Kane, David S. Goyer"
117,Some Like It Hot,"Marilyn Monroe, Tony Curtis, Jack Lemmon, George Raft",Billy Wilder,"Comedy, Romance",8.3,7260,1959,Not Rated,"Billy Wilder, I.A.L. Diamond"
118,The Treasure of the Sierra Madre,"Humphrey Bogart, Walter Huston, Tim Holt, Bruce Bennett",John Huston,"Adventure, Drama, Western",8.3,7560,1948,Not Rated,"John Huston, B. Traven"
119,Unforgiven,"Clint Eastwood, Gene Hackman, Morgan Freeman, Richard Harris",Clint Eastwood,"Drama, Western",8.2,7800,1992,R,David Webb Peoples
120,Downfall,"Bruno Ganz, Alexandra Maria Lara, Ulrich Matthes, Juliane Köhler",Oliver Hirschbiegel,"Biography, Drama, History, War",8.2,9360,2004,R,"Bernd Eichinger, Joachim Fest"
121,Die Hard,"Bruce Willis, Alan Rickman, Bonnie Bedelia, Reginald VelJohnson",John McTiernan,"Action, Thriller",8.2,7860,1988,R,"Roderick Thorp, Jeb Stuart"
122,Raging Bull,"Robert De Niro, Cathy Moriarty, Joe Pesci, Frank Vincent",Martin Scorsese,"Biography, Drama, Sport",8.2,7740,1980,R,"Jake LaMotta, Joseph Carter"
123,Heat,"Al Pacino, Robert De Niro, Val Kilmer, Jon Voight",Michael Mann,"Action, Crime, Drama, Thriller",8.2,10200,1995,R,Michael Mann
124,The Third Man,"Orson Welles, Joseph Cotten, Alida Valli, Trevor Howard",Carol Reed,"Film-Noir, Mystery, Thriller",8.3,5580,1949,Not Rated,"Graham Greene, Graham Greene"
125,Children of Heaven,"Mohammad Amir Naji, Amir Farrokh Hashemian, Bahare Seddiqi, Nafise Jafar-Mohammadi",Majid Majidi,"Drama, Family",8.4,5340,1997,PG,Majid Majidi
126,The Great Escape,"Steve McQueen, James Garner, Richard Attenborough, Charles Bronson",John Sturges,"Adventure, Drama, History, Thriller, War",8.2,10320,1963,Not Rated,"Paul Brickhill, James Clavell"
127,Ikiru,"Takashi Shimura, Nobuo Kaneko, Shin'ichi Himori, Haruo Tanaka",Akira Kurosawa,Drama,8.3,8580,1952,Not Rated,"Akira Kurosawa, Shinobu Hashimoto"
128,Chinatown,"Jack Nicholson, Faye Dunaway, John Huston, Perry Lopez",Roman Polanski,"Drama, Mystery, Thriller",8.2,7800,1974,R,Robert Towne
129,Pan's Labyrinth,"Ivana Baquero, Ariadna Gil, Sergi López, Maribel Verdú",Guillermo del Toro,"Drama, Fantasy, War",8.2,7080,2006,R,Guillermo del Toro
130,My Neighbor Totoro,"Hitoshi Takagi, Noriko Hidaka, Chika Sakamoto, Shigesato Itoi",Hayao Miyazaki,"Animation, Family, Fantasy",8.2,5160,1988,G,Hayao Miyazaki
131,Incendies,"Lubna Azabal, Mélissa Désormeaux-Poulin, Maxim Gaudette, Mustafa Kamel",Denis Villeneuve,"Drama, Mystery, War",8.2,7860,2010,R,"Denis Villeneuve, Wajdi Mouawad"
132,Ran,"Tatsuya Nakadai, Akira Terao, Jinpachi Nezu, Daisuke Ryû",Akira Kurosawa,"Action, Drama",8.2,9720,1985,R,"Akira Kurosawa, Hideo Oguni"
133,The Gold Rush,"Charles Chaplin, Mack Swain, Tom Murray, Henry Bergman",Charles Chaplin,"Adventure, Comedy, Drama, Family",8.2,4320,1925,Not Rated,Charles Chaplin
134,Judgment at Nuremberg,"Spencer Tracy, Burt Lancaster, Richard Widmark, Marlene Dietrich",Stanley Kramer,"Drama, War",8.3,11160,1961,Not Rated,"Abby Mann, Abby Mann"
135,The Secret in Their Eyes,"Ricardo Darín, Soledad Villamil, Pablo Rago, Carla Quevedo",Juan José Campanella,"Drama, Mystery, Romance, Thriller",8.2,7740,2009,R,"Eduardo Sacheri, Juan José Campanella"
136,Inside Out,"Amy Poehler, Bill Hader, Lewis Black, Mindy Kaling",Pete Docter,"Animation, Adventure, Comedy, Drama, Family, Fantasy",8.2,5700,2015,PG,"Pete Docter, Ronnie Del Carmen"
137,On the Waterfront,"Marlon Brando, Karl Malden, Lee J. Cobb, Rod Steiger",Elia Kazan,"Crime, Drama, Thriller",8.2,6480,1954,Not Rated,"Budd Schulberg, Budd Schulberg"
138,Howl's Moving Castle,"Chieko Baishô, Takuya Kimura, Tatsuya Gashûin, Akihiro Miwa",Hayao Miyazaki,"Animation, Adventure, Family, Fantasy",8.2,7140,2004,TV-PG,"Hayao Miyazaki, Diana Wynne Jones"
139,The Bridge on the River Kwai,"William Holden, Alec Guinness, Jack Hawkins, Sessue Hayakawa",David Lean,"Adventure, Drama, War",8.2,9660,1957,Approved,Pierre Boulle
140,Room,"Brie Larson, Jacob Tremblay, Sean Bridgers, Wendy Crewson",Lenny Abrahamson,Drama,8.2,7080,2015,R,"Emma Donoghue, Emma Donoghue"
141,The Seventh Seal,"Max von Sydow, Gunnar Björnstrand, Bengt Ekerot, Nils Poppe",Ingmar Bergman,"Drama, Fantasy",8.2,5760,1957,Not Rated,"Ingmar Bergman, Ingmar Bergman"
142,"Lock, Stock and Two Smoking Barrels","Jason Flemyng, Dexter Fletcher, Nick Moran, Jason Statham",Guy Ritchie,"Comedy, Crime",8.2,6420,1998,R,Guy Ritchie
143,Mr. Smith Goes to Washington,"James Stewart, Jean Arthur, Claude Rains, Edward Arnold",Frank Capra,"Comedy, Drama",8.2,7740,1939,Not Rated,"Sidney Buchman, Lewis R. Foster"
144,Blade Runner,"Harrison Ford, Rutger Hauer, Sean Young, Edward James Olmos",Ridley Scott,"Sci-Fi, Thriller",8.2,6600,1982,R,"Hampton Fancher, David Webb Peoples"
145,Casino,"Robert De Niro, Sharon Stone, Joe Pesci, James Woods",Martin Scorsese,"Crime, Drama",8.2,10680,1995,R,"Nicholas Pileggi, Nicholas Pileggi"
146,A Beautiful Mind,"Russell Crowe, Ed Harris, Jennifer Connelly, Christopher Plummer",Ron Howard,"Biography, Drama",8.2,8100,2001,PG-13,"Akiva Goldsman, Sylvia Nasar"
147,The Elephant Man,"Anthony Hopkins, John Hurt, Anne Bancroft, John Gielgud",David Lynch,"Biography, Drama",8.2,7440,1980,PG,"Christopher De Vore, Eric Bergren"
148,Wild Strawberries,"Victor Sjöström, Bibi Andersson, Ingrid Thulin, Gunnar Björnstrand",Ingmar Bergman,"Drama, Romance",8.2,5460,1957,Not Rated,Ingmar Bergman
149,V for Vendetta,"Hugo Weaving, Natalie Portman, Rupert Graves, Stephen Rea",James McTeigue,"Action, Drama, Thriller",8.2,7920,2005,R,"Lilly Wachowski, Lana Wachowski"
150,The Wolf of Wall Street,"Leonardo DiCaprio, Jonah Hill, Margot Robbie, Matthew McConaughey",Martin Scorsese,"Biography, Comedy, Crime, Drama",8.2,10800,2013,R,"Terence Winter, Jordan Belfort"
151,The General,"Buster Keaton, Marion Mack, Glen Cavender, Jim Farley",Clyde Bruckman,"Action, Adventure, Comedy, Drama, War, Western",8.2,4500,1926,Unrated,"Buster Keaton, Clyde Bruckman"
152,Warrior,"Tom Hardy, Nick Nolte, Joel Edgerton, Jennifer Morrison",Gavin O'Connor,"Drama, Sport",8.2,8400,2011,PG-13,"Gavin O'Connor, Anthony Tambakis"
153,Trainspotting,"Ewan McGregor, Ewen Bremner, Jonny Lee Miller, Kevin McKidd",Danny Boyle,Drama,8.2,5640,1996,TV-MA,"John Hodge, Irvine Welsh"
154,Dial M for Murder,"Ray Milland, Grace Kelly, Robert Cummings, John Williams",Alfred Hitchcock,"Crime, Film-Noir, Thriller",8.2,6300,1954,Approved,"Frederick Knott, Frederick Knott"
155,Gran Torino,"Clint Eastwood, Bee Vang, Christopher Carley, Ahney Her",Clint Eastwood,Drama,8.2,6960,2008,R,"Nick Schenk, Dave Johannson"
156,Gone with the Wind,"Clark Gable, Vivien Leigh, Thomas Mitchell, Barbara O'Neil",Victor Fleming,"Drama, History, Romance, War",8.2,14280,1939,TV-PG,"Margaret Mitchell, Sidney Howard"
157,Sunrise,"George O'Brien, Janet Gaynor, Margaret Livingston, Bodil Rosing",F.W. Murnau,"Drama, Romance",8.2,5640,1927,Not Rated,"Carl Mayer, Hermann Sudermann"
158,Andrei Rublev,"Anatoliy Solonitsyn, Ivan Lapikov, Nikolay Grinko, Nikolay Sergeev",Andrei Tarkovsky,"Biography, Drama, History",8.3,9900,1966,Not Rated,"Andrey Konchalovskiy, Andrei Tarkovsky"
159,The Deer Hunter,"Robert De Niro, Christopher Walken, John Cazale, John Savage",Michael Cimino,"Drama, War",8.2,10980,1978,R,"Michael Cimino, Deric Washburn"
160,Fargo,"William H. Macy, Frances McDormand, Steve Buscemi, Peter Stormare",Joel Coen,"Crime, Drama, Thriller",8.1,5880,1996,R,"Ethan Coen, Joel Coen"
161,The Sixth Sense,"Bruce Willis, Haley Joel Osment, Toni Collette, Olivia Williams",M. Night Shyamalan,"Drama, Mystery, Thriller",8.1,6420,1999,PG-13,M. Night Shyamalan
162,The Thing,"Kurt Russell, Wilford Brimley, Keith David, Richard Masur",John Carpenter,"Horror, Mystery, Sci-Fi",8.2,6540,1982,R,"Bill Lancaster, John W. Campbell Jr."
163,No Country for Old Men,"Tommy Lee Jones, Javier Bardem, Josh Brolin, Woody Harrelson",Ethan Coen,"Crime, Drama, Thriller",8.1,7320,2007,R,"Joel Coen, Ethan Coen"
164,The Big Lebowski,"Jeff Bridges, John Goodman, Julianne Moore, Steve Buscemi",Joel Coen,"Comedy, Crime",8.2,7020,1998,R,"Ethan Coen, Joel Coen"
165,Finding Nemo,"Albert Brooks, Ellen DeGeneres, Alexander Gould, Willem Dafoe",Andrew Stanton,"Animation, Adventure, Comedy, Family",8.1,6000,2003,G,"Andrew Stanton, Andrew Stanton"
166,The Bandit,"Sener Sen, Ugur Yücel, Sermin Hürmeriç, Yesim Salkim",Yavuz Turgul,"Crime, Drama, Thriller",8.4,7680,1996,16,Yavuz Turgul
167,Tokyo Story,"Chishû Ryû, Chieko Higashiyama, Sô Yamamura, Setsuko Hara",Yasujirô Ozu,Drama,8.2,8160,1953,Not Rated,"Kôgo Noda, Yasujirô Ozu"
168,There Will Be Blood,"Daniel Day-Lewis, Paul Dano, Ciarán Hinds, Martin Stringer",Paul Thomas Anderson,"Drama, History",8.1,9480,2007,R,"Paul Thomas Anderson, Upton Sinclair"
169,Cool Hand Luke,"Paul Newman, George Kennedy, Strother Martin, J.D. Cannon",Stuart Rosenberg,"Crime, Drama",8.2,7560,1967,Approved,"Donn Pearce, Frank Pierson"
170,Come and See,"Aleksey Kravchenko, Olga Mironova, Liubomiras Laucevicius, Vladas Bagdonas",Elem Klimov,"Drama, War",8.2,8520,1985,Not Rated,"Ales Adamovich, Ales Adamovich"
171,Rebecca,"Laurence Olivier, Joan Fontaine, George Sanders, Judith Anderson",Alfred Hitchcock,"Drama, Mystery, Romance, Thriller",8.2,7800,1940,Not Rated,"Daphne Du Maurier, Robert E. Sherwood"
172,Hacksaw Ridge,"Andrew Garfield, Sam Worthington, Luke Bracey, Teresa Palmer",Mel Gibson,"Biography, Drama, History, War",8.2,8340,2016,R,"Robert Schenkkan, Andrew Knight"
173,Kill Bill: Vol. 1,"Uma Thurman, David Carradine, Daryl Hannah, Michael Madsen",Quentin Tarantino,"Action, Crime, Thriller",8.1,6660,2003,R,"Quentin Tarantino, Quentin Tarantino"
174,La La Land,"Ryan Gosling, Emma Stone, Rosemarie DeWitt, J.K. Simmons",Damien Chazelle,"Comedy, Drama, Music, Musical, Romance",8.2,7680,2016,PG-13,Damien Chazelle
175,Rang De Basanti,"Aamir Khan, Soha Ali Khan, Siddharth, Sharman Joshi",Rakeysh Omprakash Mehra,"Comedy, Drama, History, Romance",8.3,9420,2006,Not Rated,"Kamlesh Pandey, Rakeysh Omprakash Mehra"
176,How to Train Your Dragon,"Jay Baruchel, Gerard Butler, Christopher Mintz-Plasse, Craig Ferguson",Dean DeBlois,"Animation, Adventure, Comedy, Family, Fantasy",8.1,5880,2010,TV-PG,"William Davies, Dean DeBlois"
177,The Passion of Joan of Arc,"Maria Falconetti, Eugene Silvain, André Berley, Maurice Schutz",Carl Theodor Dreyer,"Biography, Drama, History",8.2,6840,1928,Not Rated,"Carl Theodor Dreyer, Joseph Delteil"
178,Mary and Max,"Toni Collette, Philip Seymour Hoffman, Eric Bana, Barry Humphries",Adam Elliot,"Animation, Comedy, Drama",8.1,5520,2009,Not Rated,Adam Elliot
179,Gone Girl,"Ben Affleck, Rosamund Pike, Neil Patrick Harris, Tyler Perry",David Fincher,"Crime, Drama, Mystery, Thriller",8.1,8940,2014,R,"Gillian Flynn, Gillian Flynn"
180,Shutter Island,"Leonardo DiCaprio, Emily Mortimer, Mark Ruffalo, Ben Kingsley",Martin Scorsese,"Mystery, Thriller",8.1,8280,2010,R,"Laeta Kalogridis, Dennis Lehane"
181,Into the Wild,"Emile Hirsch, Vince Vaughn, Catherine Keener, Marcia Gay Harden",Sean Penn,"Adventure, Biography, Drama",8.1,8880,2007,R,"Sean Penn, Jon Krakauer"
182,Logan,"Hugh Jackman, Patrick Stewart, Dafne Keen, Boyd Holbrook",James Mangold,"Action, Drama, Sci-Fi, Thriller",8.2,8220,2017,R,"James Mangold, Scott Frank"
183,It Happened One Night,"Clark Gable, Claudette Colbert, Walter Connolly, Roscoe Karns",Frank Capra,"Comedy, Romance",8.2,6300,1934,Not Rated,"Robert Riskin, Samuel Hopkins Adams"
184,Life of Brian,"Graham Chapman, John Cleese, Michael Palin, Terry Gilliam",Terry Jones,Comedy,8.1,5640,1979,R,"Graham Chapman, John Cleese"
185,Wild Tales,"Darío Grandinetti, María Marull, Mónica Villa, Rita Cortese",Damián Szifron,"Comedy, Drama, Thriller",8.1,7320,2014,R,Damián Szifron
186,Platoon,"Charlie Sheen, Tom Berenger, Willem Dafoe, Keith David",Oliver Stone,"Drama, War",8.1,7200,1986,R,Oliver Stone
187,A Wednesday,"Anupam Kher, Naseeruddin Shah, Jimmy Shergill, Deepal Shaw",Neeraj Pandey,"Crime, Drama, Mystery, Thriller",8.3,6240,2008,Not Rated,"Neeraj Pandey, Neeraj Pandey"
188,The Wages of Fear,"Yves Montand, Charles Vanel, Peter van Eyck, Folco Lulli",Henri-Georges Clouzot,"Adventure, Drama, Thriller",8.2,7860,1953,Not Rated,"Georges Arnaud, Henri-Georges Clouzot"
189,Hotel Rwanda,"Don Cheadle, Sophie Okonedo, Joaquin Phoenix, Xolani Mali",Terry George,"Biography, Drama, History, War",8.1,7260,2004,PG-13,"Keir Pearson, Terry George"
190,Network,"Faye Dunaway, William Holden, Peter Finch, Robert Duvall",Sidney Lumet,Drama,8.1,7260,1976,R,Paddy Chayefsky
191,In the Name of the Father,"Daniel Day-Lewis, Pete Postlethwaite, Alison Crosbie, Philip King",Jim Sheridan,"Biography, Drama",8.1,7980,1993,R,"Gerry Conlon, Terry George"
192,Rush,"Daniel Brühl, Chris Hemsworth, Olivia Wilde, Alexandra Maria Lara",Ron Howard,"Action, Biography, Drama, History, Sport",8.1,7380,2013,R,Peter Morgan
193,Stand by Me,"Wil Wheaton, River Phoenix, Corey Feldman, Jerry O'Connell",Rob Reiner,"Adventure, Drama",8.1,5340,1986,R,"Stephen King, Raynold Gideon"
194,Persona,"Bibi Andersson, Liv Ullmann, Margaretha Krook, Gunnar Björnstrand",Ingmar Bergman,"Drama, Thriller",8.1,4980,1966,Not Rated,Ingmar Bergman
195,Ben-Hur,"Charlton Heston, Jack Hawkins, Stephen Boyd, Haya Harareet",William Wyler,"Adventure, Drama, History",8.1,12720,1959,TV-PG,"Lew Wallace, Karl Tunberg"
196,The Grand Budapest Hotel,"Ralph Fiennes, F. Murray Abraham, Mathieu Amalric, Adrien Brody",Wes Anderson,"Adventure, Comedy, Drama",8.1,5940,2014,R,"Stefan Zweig, Wes Anderson"
197,The 400 Blows,"Jean-Pierre Léaud, Albert Rémy, Claire Maurier, Guy Decomble",François Truffaut,"Crime, Drama",8.1,5940,1959,Not Rated,"François Truffaut, Marcel Moussy"
198,Memories of Murder,"Kang-ho Song, Sang-kyung Kim, Roe-ha Kim, Jae-ho Song",Joon-ho Bong,"Crime, Drama, Mystery, Thriller",8.1,7920,2003,Not Rated,"Joon-ho Bong, Kwang-rim Kim"
199,12 Years a Slave,"Chiwetel Ejiofor, Michael Kenneth Williams, Michael Fassbender, Brad Pitt",Steve McQueen,"Biography, Drama, History",8.1,8040,2013,R,"John Ridley, Solomon Northup"
200,Mad Max: Fury Road,"Tom Hardy, Charlize Theron, Nicholas Hoult, Zoë Kravitz",George Miller,"Action, Adventure, Sci-Fi, Thriller",8.1,7200,2015,R,"George Miller, Brendan McCarthy"
201,Jurassic Park,"Sam Neill, Laura Dern, Jeff Goldblum, Richard Attenborough",Steven Spielberg,"Adventure, Sci-Fi, Thriller",8.1,7620,1993,PG-13,"Michael Crichton, Michael Crichton"
202,Million Dollar Baby,"Hilary Swank, Clint Eastwood, Morgan Freeman, Jay Baruchel",Clint Eastwood,"Drama, Sport",8.1,7920,2004,PG-13,"Paul Haggis, F.X. Toole"
203,Spotlight,"Mark Ruffalo, Michael Keaton, Rachel McAdams, Liev Schreiber",Tom McCarthy,"Crime, Drama, History",8.1,7680,2015,R,"Josh Singer, Tom McCarthy"
204,Stalker,"Alisa Freyndlikh, Aleksandr Kaydanovskiy, Anatoliy Solonitsyn, Nikolay Grinko",Andrei Tarkovsky,"Drama, Sci-Fi",8.1,9720,1979,Not Rated,"Arkadiy Strugatskiy, Boris Strugatskiy"
205,Butch Cassidy and the Sundance Kid,"Paul Newman, Robert Redford, Katharine Ross, Strother Martin",George Roy Hill,"Biography, Crime, Drama, Western",8.1,6600,1969,PG,William Goldman
206,Amores Perros,"Emilio Echevarría, Gael García Bernal, Goya Toledo, Álvaro Guerrero",Alejandro González Iñárritu,"Drama, Thriller",8.1,9240,2000,R,Guillermo Arriaga
207,The Truman Show,"Jim Carrey, Ed Harris, Laura Linney, Noah Emmerich",Peter Weir,"Comedy, Drama, Sci-Fi",8.1,6180,1998,PG,Andrew Niccol
208,Hachi: A Dog's Tale,"Richard Gere, Joan Allen, Cary-Hiroyuki Tagawa, Sarah Roemer",Lasse Hallström,"Drama, Family",8.1,5580,2009,G,"Stephen P. Lindsey, Kaneto Shindô"
209,The Maltese Falcon,"Humphrey Bogart, Mary Astor, Gladys George, Peter Lorre",John Huston,"Film-Noir, Mystery",8.1,6000,1941,Not Rated,"John Huston, Dashiell Hammett"
210,Nausicaä of the Valley of the Wind,"Sumi Shimamoto, Mahito Tsujimura, Hisako Kyôda, Gorô Naya",Hayao Miyazaki,"Animation, Adventure, Fantasy, Sci-Fi",8.1,5700,1984,PG,"Hayao Miyazaki, Hayao Miyazaki"
211,The Princess Bride,"Cary Elwes, Mandy Patinkin, Robin Wright, Chris Sarandon",Rob Reiner,"Adventure, Family, Fantasy, Romance",8.1,5880,1987,PG,"William Goldman, William Goldman"
212,Before Sunrise,"Ethan Hawke, Julie Delpy, Andrea Eckert, Hanno Pöschl",Richard Linklater,"Drama, Romance",8.1,6060,1995,R,"Richard Linklater, Kim Krizan"
213,The Nights of Cabiria,"Giulietta Masina, François Périer, Franca Marzi, Dorian Gray",Federico Fellini,Drama,8.2,7020,1957,Not Rated,"Federico Fellini, Ennio Flaiano"
214,Paper Moon,"Ryan O'Neal, Tatum O'Neal, Madeline Kahn, John Hillerman",Peter Bogdanovich,"Comedy, Crime, Drama",8.2,6120,1973,PG,"Joe David Brown, Alvin Sargent"
215,Prisoners,"Hugh Jackman, Jake Gyllenhaal, Viola Davis, Melissa Leo",Denis Villeneuve,"Crime, Drama, Mystery, Thriller",8.1,9180,2013,R,Aaron Guzikowski
216,Harry Potter and the Deathly Hallows: Part 2,"Daniel Radcliffe, Emma Watson, Rupert Grint, Michael Gambon",David Yates,"Adventure, Drama, Fantasy, Mystery",8.1,7800,2011,PG-13,"Steve Kloves, J.K. Rowling"
217,The Grapes of Wrath,"Henry Fonda, Jane Darwell, John Carradine, Charley Grapewin",John Ford,"Drama, History",8.1,7740,1940,Not Rated,"Nunnally Johnson, John Steinbeck"
218,Thor: Ragnarok,"Chris Hemsworth, Tom Hiddleston, Cate Blanchett, Mark Ruffalo",Taika Waititi,"Action, Adventure, Comedy, Sci-Fi",8.2,7800,2017,PG-13,"Eric Pearson, Craig Kyle"
219,Rocky,"Sylvester Stallone, Talia Shire, Burt Young, Carl Weathers",John G. Avildsen,"Drama, Sport",8.1,7200,1976,PG,Sylvester Stallone
220,Catch Me If You Can,"Leonardo DiCaprio, Tom Hanks, Christopher Walken, Martin Sheen",Steven Spielberg,"Biography, Crime, Drama",8.1,8460,2002,PG-13,"Jeff Nathanson, Frank Abagnale Jr."
221,Touch of Evil,"Charlton Heston, Orson Welles, Janet Leigh, Joseph Calleia",Orson Welles,"Crime, Drama, Film-Noir, Thriller",8.1,6480,1958,PG-13,"Orson Welles, Whit Masterson"
222,Diabolique,"Simone Signoret, Véra Clouzot, Paul Meurisse, Charles Vanel",Henri-Georges Clouzot,"Crime, Drama, Horror, Mystery, Thriller",8.1,7020,1955,Not Rated,"Pierre Boileau, Thomas Narcejac"
223,Gandhi,"Ben Kingsley, John Gielgud, Candice Bergen, Edward Fox",Richard Attenborough,"Biography, Drama, History",8.1,11460,1982,PG,John Briley
224,Donnie Darko,"Jake Gyllenhaal, Jena Malone, Mary McDonnell, Holmes Osborne",Richard Kelly,"Drama, Sci-Fi, Thriller",8.1,6780,2001,R,Richard Kelly
225,"Monsters, Inc.","Billy Crystal, John Goodman, Mary Gibbs, Steve Buscemi",Pete Docter,"Animation, Adventure, Comedy, Family, Fantasy",8.1,5520,2001,TV-PG,"Pete Docter, Jill Culton"
226,Munna Bhai M.B.B.S.,"Sunil Dutt, Sanjay Dutt, Arshad Warsi, Gracy Singh",Rajkumar Hirani,"Comedy, Drama, Romance",8.2,9360,2003,Not Rated,"Vidhu Vinod Chopra, Rajkumar Hirani"
227,Annie Hall,"Woody Allen, Diane Keaton, Tony Roberts, Carol Kane",Woody Allen,"Comedy, Romance",8.1,5580,1977,PG,"Woody Allen, Marshall Brickman"
228,Star Wars: The Force Awakens,"Daisy Ridley, John Boyega, Oscar Isaac, Domhnall Gleeson",J.J. Abrams,"Action, Adventure, Fantasy, Sci-Fi",8.1,8160,2015,PG-13,"Lawrence Kasdan, J.J. Abrams"
229,The Terminator,"Arnold Schwarzenegger, Linda Hamilton, Michael Biehn, Paul Winfield",James Cameron,"Action, Sci-Fi",8.0,6420,1984,R,"James Cameron, Gale Anne Hurd"
230,Barry Lyndon,"Ryan O'Neal, Marisa Berenson, Patrick Magee, Hardy Krüger",Stanley Kubrick,"Adventure, Drama, History, War",8.1,11040,1975,PG,"Stanley Kubrick, William Makepeace Thackeray"
231,The Bourne Ultimatum,"Matt Damon, Edgar Ramírez, Joan Allen, Julia Stiles",Paul Greengrass,"Action, Mystery, Thriller",8.1,6900,2007,PG-13,"Tony Gilroy, Scott Z. Burns"
232,The Wizard of Oz,"Judy Garland, Frank Morgan, Ray Bolger, Bert Lahr",Victor Fleming,"Adventure, Family, Fantasy, Musical",8.1,6120,1939,Passed,"Noel Langley, Florence Ryerson"
233,Groundhog Day,"Bill Murray, Andie MacDowell, Chris Elliott, Stephen Tobolowsky",Harold Ramis,"Comedy, Fantasy, Romance",8.0,6060,1993,PG,"Danny Rubin, Harold Ramis"
234,La Haine,"Vincent Cassel, Hubert Koundé, Saïd Taghmaoui, Abdel Ahmed Ghili",Mathieu Kassovitz,"Crime, Drama",8.1,5880,1995,Not Rated,Mathieu Kassovitz
235,8½,"Marcello Mastroianni, Anouk Aimée, Claudia Cardinale, Sandra Milo",Federico Fellini,Drama,8.1,8280,1963,Not Rated,"Federico Fellini, Ennio Flaiano"
236,Jaws,"Roy Scheider, Robert Shaw, Richard Dreyfuss, Lorraine Gary",Steven Spielberg,"Adventure, Drama, Thriller",8.0,7440,1975,PG,"Peter Benchley, Carl Gottlieb"
237,The Best Years of Our Lives,"Fredric March, Dana Andrews, Myrna Loy, Teresa Wright",William Wyler,"Drama, Romance, War",8.1,10200,1946,Not Rated,"Robert E. Sherwood, MacKinlay Kantor"
238,Twelve Monkeys,"Bruce Willis, Madeleine Stowe, Brad Pitt, Joseph Melito",Terry Gilliam,"Mystery, Sci-Fi, Thriller",8.0,7740,1995,R,"Chris Marker, David Webb Peoples"
239,Infernal Affairs,"Andy Lau, Tony Chiu-Wai Leung, Anthony Chau-Sang Wong, Eric Tsang",Wai-Keung Lau,"Crime, Drama, Mystery, Thriller",8.1,6060,2002,R,"Alan Mak, Felix Chong"
240,The Help,"Emma Stone, Viola Davis, Octavia Spencer, Bryce Dallas Howard",Tate Taylor,Drama,8.1,8760,2011,PG-13,"Tate Taylor, Kathryn Stockett"
241,"Paris, Texas","Harry Dean Stanton, Nastassja Kinski, Dean Stockwell, Aurore Clément",Wim Wenders,Drama,8.1,8700,1984,R,"L.M. Kit Carson, Sam Shepard"
242,In the Mood for Love,"Tony Chiu-Wai Leung, Maggie Cheung, Ping Lam Siu, Tung Cho 'Joe' Cheung",Kar-Wai Wong,"Drama, Romance",8.1,5880,2000,PG,Kar-Wai Wong
243,The Battle of Algiers,"Brahim Hadjadj, Jean Martin, Yacef Saadi, Tommaso Neri",Gillo Pontecorvo,"Drama, War",8.1,7260,1966,Not Rated,"Franco Solinas, Franco Solinas"
244,Beauty and the Beast,"Paige O'Hara, Robby Benson, Jesse Corti, Rex Everhart",Gary Trousdale,"Animation, Family, Fantasy, Musical, Romance",8.0,5040,1991,G,"Linda Woolverton, Brenda Chapman"
245,The Handmaiden,"Min-hee Kim, Jung-woo Ha, Jin-woong Jo, So-ri Moon",Chan-wook Park,"Crime, Drama, Mystery, Romance, Thriller",8.1,8640,2016,Not Rated,"Sarah Waters, Seo-kyeong Jeong"
246,Dead Poets Society,"Robin Williams, Robert Sean Leonard, Ethan Hawke, Josh Charles",Peter Weir,"Comedy, Drama",8.0,7680,1989,PG,Tom Schulman
247,Pirates of the Caribbean: The Curse of the Black Pearl,"Johnny Depp, Geoffrey Rush, Orlando Bloom, Keira Knightley",Gore Verbinski,"Action, Adventure, Fantasy",8.0,8580,2003,PG-13,"Ted Elliott, Terry Rossio"
248,Dog Day Afternoon,"Al Pacino, John Cazale, Penelope Allen, Sully Boyar",Sidney Lumet,"Biography, Crime, Drama, Thriller",8.0,7500,1975,R,"Frank Pierson, P.F. Kluge"
249,Castle in the Sky,"Anna Paquin, James Van Der Beek, Cloris Leachman, Mark Hamill",Hayao Miyazaki,"Animation, Adventure, Family, Fantasy",8.1,7500,1986,TV-PG,Hayao Miyazaki
